,A,B,C,D
2000-01-01,1.3177004295562433,-0.7309719983244067,-2.0003720009236674,0.034371533404948584
2000-01-02,1.9308253972061837,-0.038522177040498096,-1.7544625257167297,0.7187918053068897
2000-01-03,2.252592166674196,0.46927176789258984,-0.40088414003931994,0.637370005558682
2000-01-04,1.6038877313636437,1.1082120604564594,-0.0502822978989827,1.324160444593821
2000-01-05,1.4177822768158228,-0.20652283718753228,1.3377762346758442,2.1570439775307375
2000-01-06,0.4196670558166927,-0.6917896251358104,1.7056207041981497,2.5400618155071446
2000-01-07,0.8093930964128606,0.7402716794749877,2.2884912160078525,1.946049460743451
2000-01-08,-0.8639174275074712,0.32533777747044057,1.3044298930533393,1.6665112492705658
2000-01-09,-0.7895459517833725,-0.21123501089138907,1.4970096314313068,1.2969748194476922
2000-01-10,-0.5330473002008073,0.5023479391023585,3.214095004023577,0.9560724253223959
2000-01-11,0.44290736958691446,0.9547867786914072,3.639152478586295,0.8875094179135025
2000-01-12,0.6312038364995317,-0.7885003759758912,4.465711582438865,0.7394066016659033
2000-01-13,-1.3132603137655545,-1.3094076005055495,2.741474749377822,2.25366386191885
2000-01-14,-1.854454403840981,0.3153576357323813,1.2522368669120154,2.1246750381539936
2000-01-15,0.25256647916749864,-1.2028765152403549,0.5849789341544471,2.0800432122251626
2000-01-16,-0.5813874681284371,-0.3904262258657988,1.3302732550256358,2.8769702693721975
2000-01-17,0.40861536447807834,-0.48486484621157744,2.5061010050246937,2.7679743219704833
2000-01-18,-0.7203782790466424,-0.1082345992074858,2.900305242652769,2.9761035484751646
2000-01-19,0.17969505284191223,1.153962298598718,1.3367520433438256,3.7473596395113073
2000-01-20,-0.9424137626442733,1.495688488080899,1.4541197750008696,2.3312145457979323
2000-01-21,-0.5354755126912454,1.9236681641360693,2.062345908225019,3.7606607531905234
2000-01-22,0.7579648599303881,2.462283870233227,1.7588515948618748,4.209900279900292
2000-01-23,0.7955519563810305,3.184020502673635,2.2567584795916353,5.084093857384676
2000-01-24,1.7080240491720966,2.5788616958034085,1.2351608340366873,2.874462319045044
2000-01-25,3.6201811193977136,3.5526181556630645,1.1233636858854417,1.6851921819959395
2000-01-26,2.4924066880917892,3.0100687469479204,1.725065105347872,2.587058548647271
2000-01-27,2.2762588996757986,2.688485651725404,2.2179479181462374,2.5335862307452865
2000-01-28,1.9679879710798391,1.6585208478267024,1.821091270087113,1.5395389637531327
2000-01-29,0.9134282221466214,2.158476178543413,0.7250594363666498,1.500907331963854
2000-01-30,0.9065972008730897,3.4416047689523657,3.2886674634830153,1.1414469309989264
2000-01-31,-0.49566736635681263,2.92741750821299,3.6547058999526354,2.7297229301995714
2000-02-01,-1.174852879112319,3.3955272699508776,5.047372293946776,2.792541001800356
2000-02-02,-1.8720195718190435,3.498289723775706,3.4278371625394914,2.310799720111413
2000-02-03,-2.602856514769619,4.446423501406032,1.8601150884388429,4.5071912437463295
2000-02-04,-1.4924655402249527,3.3864446347800863,1.169002571568412,5.293239656722969
2000-02-05,-2.0411838342612807,4.0352362166659805,0.12375972932525636,6.3048744964675265
2000-02-06,-3.066859405974034,4.854561949007963,-0.9009418606364443,6.524106920151779
2000-02-07,-2.4698927176613528,5.331442258234124,-1.8874975472031248,7.026788653946806
2000-02-08,-2.784729658367068,4.328784826481005,-2.1796379652672346,7.590702862463656
2000-02-09,-2.887535269810734,4.6561428475008,-0.9356030708942653,6.682481805104048
2000-02-10,-2.800883110268364,6.329758080248451,-2.224461341503352,6.672561348056328
2000-02-11,-5.38388067535381,6.325718230998224,-1.4107190128700844,6.335777329080815
2000-02-12,-5.685471327487651,5.4843595336801005,-2.1494757791515173,7.289973809554342
2000-02-13,-6.781889193139801,5.073750943684821,-1.3873286475406164,7.7136760644749085
2000-02-14,-5.383909576842337,4.323544164798473,-2.2259110453219373,8.083546303293147
2000-02-15,-6.2701863142649605,3.189535874250791,-1.2062407891871705,10.978681288601665
2000-02-16,-7.205178499643335,3.0209431730058154,-1.1785393216973945,10.878870672341236
2000-02-17,-6.491642174227505,2.869694738379014,0.036562531709373625,11.1445593196311
2000-02-18,-6.413089621559232,3.4708371723390785,1.4269634640283082,11.704880479052012
2000-02-19,-6.2968685128258155,4.196787785768078,1.107538958215572,11.588045409787778
2000-02-20,-7.967605867790217,4.541314502728884,0.9712765602709673,12.120288181454109
2000-02-21,-9.178765210452944,3.6189782967056887,1.7577173688709617,13.132322005410618
2000-02-22,-11.387587961646712,4.048764562868704,2.572511650000096,11.703156640804108
2000-02-23,-13.157461548839924,3.504746936177278,1.4781215185410965,11.057676984451208
2000-02-24,-13.537367403677424,4.270745265119352,0.460028688889595,9.647067626158119
2000-02-25,-13.771733504077279,4.742862686842426,-0.25083931347666166,11.213625688045473
2000-02-26,-14.282795594214639,7.189538685122429,-1.9720526499223565,11.483311054697468
2000-02-27,-13.814677484443468,5.966215599481082,0.258140939882574,10.34190116266419
2000-02-28,-14.5481438762403,4.684168680262104,0.6067886006177394,10.221400725608179
2000-02-29,-16.69495222614892,5.284296771081696,0.9577029147078602,9.931164352154168
2000-03-01,-16.58165645561423,4.7407071310131315,-0.38387590787181614,10.242409670765973
2000-03-02,-16.886158804589417,3.29412557927665,-0.935119584289054,11.564016521138766
2000-03-03,-17.724620227178196,2.440714139933177,-0.9272949619909906,11.764859461511657
2000-03-04,-19.32914913533147,1.2354813701652096,-0.2679880022149599,12.294394146250488
2000-03-05,-19.78068961496924,1.641942461804586,0.4292573540739747,12.69775229372599
2000-03-06,-21.500720327623036,2.4366365178504026,0.050091581487404946,12.136592825980015
2000-03-07,-21.918119980471896,1.5556736055610951,0.2952133641177548,11.70790808486322
2000-03-08,-20.836392932725456,1.6450597988339821,0.46444618081054634,12.90849318453153
2000-03-09,-21.47247790402516,1.329885738178075,1.3422500387068994,12.568439936935816
2000-03-10,-23.026913139303247,1.5011883162965183,0.9998974839947601,13.915505537042982
2000-03-11,-24.38040868902995,0.5671560084164685,3.5799582837796926,13.288775227488244
2000-03-12,-23.870243493569124,-0.0497193829742677,2.5124238372722667,13.604940048369246
2000-03-13,-24.87227555991946,-0.1992210320286872,2.4340293160898363,15.02940661551638
2000-03-14,-25.175640901559415,1.0023253221872854,3.766864499755256,16.09745594421936
2000-03-15,-24.644953492911974,0.07702699196298046,4.232781412304607,16.43031524978633
2000-03-16,-26.740799099782258,0.6584020680648236,4.270190616723478,16.586864345305234
2000-03-17,-27.777668055701046,1.2168990066425662,3.464497241879181,17.37775728146185
2000-03-18,-27.439824265496082,2.1714979162577905,3.8141767426780477,16.381173039466727
2000-03-19,-26.52968328348765,1.7685428864974824,3.382161736131998,15.479515592954868
2000-03-20,-27.445889076701945,0.7707271551998425,2.1609454526171037,13.06394376991051
2000-03-21,-27.592400897726986,-0.025625402546249898,2.3284845884414778,12.9103260585987
2000-03-22,-26.79911768008173,-0.653963684773368,1.575494445267079,14.665509483356445
2000-03-23,-26.636023408123446,-1.6283808450620163,0.07053652543071887,12.48733548251011
2000-03-24,-26.854153180065882,-3.570891863810341,-0.287467224346233,12.146955699013018
2000-03-25,-25.681999357617872,-3.486524046506664,-0.7739805701401785,9.3597711542301
2000-03-26,-25.97095412935121,-3.221510228003914,-0.6897727194678613,9.792939542140473
2000-03-27,-26.048333346211425,-3.451891888407384,-0.13105637216413046,9.106869837071082
2000-03-28,-24.785312229425916,-3.729620370769954,-1.3707983251343638,10.936279321031943
2000-03-29,-24.160289282414645,-4.2415729822989165,-0.25289604401196253,11.619598392001002
2000-03-30,-24.46167886419376,-4.943001580838379,0.5070582895722118,11.585461283850085
2000-03-31,-25.373754492993047,-5.714283433574256,1.2215933663507874,10.84987493842221
2000-04-01,-24.715886209776517,-4.340473110834738,-1.1545530096070729,9.888725035306862
2000-04-02,-25.35172467663648,-3.7214112910932466,0.5634340852034858,12.302511559430464
2000-04-03,-25.26640679818511,-3.9911751659546315,-0.3463892660779281,13.42920264951162
2000-04-04,-22.974210124020946,-4.887828743631475,1.7580028661297158,13.641106930274299
2000-04-05,-24.787692622587745,-4.269908604059012,0.9491542667085403,13.13731761147226
2000-04-06,-23.948195464917156,-3.5899462032088527,1.06817928928008,13.384946913208042
2000-04-07,-24.53135018916647,-4.089012634121546,1.4425444920957249,11.75095060721514
2000-04-08,-24.964184463041843,-4.964664008717008,0.28176527261436646,11.351271197452597
2000-04-09,-25.276547053637742,-4.822741007201685,1.9090220751410483,12.230467933398018
2000-04-10,-24.051462616667155,-4.276224746712923,3.103301087568694,13.066551376008189
2000-04-11,-23.38614730034647,-3.675544015773368,3.5890350659606023,13.59597039652763
2000-04-12,-24.699101495969096,-3.1724790318341425,3.5745671453329924,14.697531841592495
2000-04-13,-24.935033651124925,-3.5390501110866452,3.0763933316657432,14.768898122673022
2000-04-14,-24.494482489272176,-2.49864629015923,3.7704751329841444,14.32698642380394
2000-04-15,-25.27318286371749,-2.6391133760610526,2.2859040242543958,14.266315561154896
2000-04-16,-25.14101779762614,-2.704373260059713,4.22994502755285,14.361229483137466
2000-04-17,-25.1506814314467,-3.8490290659856603,3.377452384535464,14.526276869003716
2000-04-18,-24.633702238336614,-5.085941791434785,4.071173410837105,14.029754691572936
2000-04-19,-24.246978495333202,-5.379367550121463,4.139104019118007,13.325080108440075
2000-04-20,-23.63159074079543,-4.442579915789786,4.22624013902408,13.714070578379316
2000-04-21,-23.397882603288302,-4.730154357885354,2.0336912974842924,14.008913146903007
2000-04-22,-23.722339602241163,-6.952722522613871,2.664411315097846,12.90199258105118
2000-04-23,-23.015506193123326,-7.108321198294335,3.49902040551488,12.759576589989164
2000-04-24,-24.572027780127232,-6.909534122407715,3.9928719035156615,13.835448273165829
2000-04-25,-24.79198746046069,-6.818655096401887,3.6608379836163087,13.355770652953304
2000-04-26,-25.76616305596203,-5.939167320783565,4.788465904886622,14.81949543249016
2000-04-27,-23.73930395304386,-5.689325792998486,5.063174914301159,15.156784679790473
2000-04-28,-24.448084208831872,-5.778487558499829,5.846982578492959,15.478576027491716
2000-04-29,-24.630147501178055,-3.9708967255104737,4.719364630712556,15.675484364084104
2000-04-30,-25.513481928002065,-3.551811105838731,6.222945365762578,15.376423781024853
2000-05-01,-27.48654913905663,-3.299512659373781,7.43203672799281,15.631350240577039
2000-05-02,-27.284139517418573,-2.4490528643904153,8.031569930137028,15.01856784627363
2000-05-03,-28.247670404012073,-2.9424765676667506,7.465461686303832,14.064659333355515
2000-05-04,-28.182213726700734,-2.3653558988693533,7.962686276670459,13.42212690844755
2000-05-05,-29.29830395149824,-1.533545751390327,7.600466541870924,12.066035008577266
2000-05-06,-30.168306794113885,-0.3898745916839188,6.0069727206955505,11.727284090183478
2000-05-07,-30.715306903094007,-0.4315356093125157,6.82003860565995,12.481866447694385
2000-05-08,-30.988908865918315,-1.88184692025694,6.0679614025809965,12.414355524834681
2000-05-09,-30.135227124349342,-3.2347706448475106,7.079531564074488,11.624253719318812
2000-05-10,-29.72592984489243,-2.586191606075245,8.387276854314376,12.571631195806736
2000-05-11,-27.15746261752423,-1.5458205237968363,6.857864454069854,12.84373110803898
2000-05-12,-27.04828223731073,-1.7111261090081566,6.2235641466845,12.399408167511579
2000-05-13,-27.48950165513667,-1.8403035603552738,5.619415940903661,10.243800042254872
2000-05-14,-26.091412270571773,-4.935920938321397,5.673796101870481,9.357760745850959
2000-05-15,-24.839230526021453,-3.9285756301332504,5.994446965085426,8.928662698795186
2000-05-16,-23.862711309906615,-5.4781646135060615,7.308062567909854,8.17767570108916
2000-05-17,-24.03702892826149,-6.232739857096372,6.726937226424023,8.137707206489488
2000-05-18,-23.807216101012113,-6.710339983016376,5.486153897438118,7.931402871866388
2000-05-19,-22.305826023498383,-8.752364154415506,5.796407103099114,10.031466550192615
2000-05-20,-20.696613486752266,-9.359819859661032,5.301554359228172,9.833340676305497
2000-05-21,-20.320349378198916,-10.42788613072386,4.49420505536457,8.886575848335633
2000-05-22,-21.661147206076308,-9.518915383557221,5.1995298351745936,10.08358501138328
2000-05-23,-21.857286807579356,-7.971527551021881,5.009552214168221,9.642210258533687
2000-05-24,-21.627928086024767,-6.916593718408728,5.130936076968863,9.484308571778751
2000-05-25,-19.74376404614785,-6.570672754008629,4.940727124598601,9.002736562960497
2000-05-26,-20.397656481131186,-6.428366873905482,4.266888063086767,9.019631122882723
2000-05-27,-20.645101942248083,-7.225027806453232,4.125538527523477,10.681227111662981
2000-05-28,-21.227138539267546,-8.307343331694238,3.161809529054495,9.539399684877448
2000-05-29,-20.698115308477444,-7.412780927167713,3.4262842116923404,8.911304490268707
2000-05-30,-21.616998438482984,-8.555128481261809,4.474514263943838,7.255863841278112
2000-05-31,-21.61486226760871,-8.537420854893233,3.477178163534174,7.533118205696132
2000-06-01,-20.32270711882912,-9.151433903328652,1.7903797106743937,8.263454757736898
2000-06-02,-19.25881990750525,-11.309079890210102,1.3309237814710435,7.714252967347584
2000-06-03,-19.376213909395883,-12.23505493457857,0.817798172624387,6.450578130348847
2000-06-04,-19.9932507442005,-12.698369710175301,-0.3078647013013007,7.646485405720334
2000-06-05,-20.611276662479813,-12.729189398103438,-0.42422524804913553,7.549082797890781
2000-06-06,-21.136036534540036,-12.670581829050121,-0.5467658332832616,7.904290293056421
2000-06-07,-21.381570664597042,-13.56768228743195,0.5529719414352957,7.975668116437321
2000-06-08,-21.875777287617698,-13.899126720303459,0.32334863592624125,7.277026506096739
2000-06-09,-21.39096479607427,-11.819529996421249,1.3851026733332077,9.3375289370058
2000-06-10,-22.366897311440024,-10.872704127286141,1.1758925730984333,9.476855418451928
2000-06-11,-23.913316160034853,-8.990058805077542,0.4147263791502497,10.512583394535149
2000-06-12,-25.430473630375698,-8.67278580851863,0.5343096598557681,12.978223586663871
2000-06-13,-24.457733830228584,-9.20915000231395,0.9098635911603916,13.388101424385813
2000-06-14,-25.106965623994085,-8.022600923530778,-0.635488011852984,13.986018214292708
2000-06-15,-25.200205509814104,-8.02998426295014,-0.5376574598737538,14.552203371706216
2000-06-16,-25.351115520651845,-6.603441501594076,-1.7678100641516052,15.380644211832168
2000-06-17,-26.186407160273042,-5.795307770891262,-2.051469242012695,14.67275885605045
2000-06-18,-25.823946281723142,-6.230940854000855,-2.4649471384405786,16.214241117692627
2000-06-19,-25.807534119904115,-5.022236270245461,-2.4443779186117487,16.678566956777946
2000-06-20,-27.18780218572686,-4.2398410524775025,-2.3651191082056995,17.309495235288306
2000-06-21,-28.37212790743217,-4.567996058821373,-3.5362008778212486,16.486567021921758
2000-06-22,-28.9619175812031,-4.5103124776349865,-3.737177953557734,18.044638579856976
2000-06-23,-28.973513154232695,-3.90336578697545,-4.436766555494385,16.62711022002912
2000-06-24,-29.600702141066073,-3.572501174708478,-4.903955938075037,17.76786534709913
2000-06-25,-28.846033540004004,-5.233821977430947,-7.150870120093754,16.103244599899796
2000-06-26,-28.580052090909,-5.625947036940611,-7.143556998163899,16.402896016433537
2000-06-27,-28.90525818089494,-5.4351095730633725,-8.047308324255763,16.966401269779745
2000-06-28,-28.80851727399071,-6.185941819968783,-8.130291053084294,16.567800938977726
2000-06-29,-28.039810726428026,-5.078170960491507,-9.316883137050356,16.236991209237317
2000-06-30,-28.457499639687644,-4.602238019914533,-9.73266907311683,16.26222944631738
2000-07-01,-28.22857284154871,-5.5783071905136445,-10.075504896036147,15.845293237750402
2000-07-02,-28.627874908300036,-5.924297036248292,-10.835838938735328,17.212415959549716
2000-07-03,-26.030594649051082,-6.217838041672493,-9.918812250937588,18.2211058322616
2000-07-04,-28.43061138304205,-7.239990284473375,-10.351405205548536,18.168800305957745
2000-07-05,-28.612039620454816,-6.222335247538881,-10.415690680278122,17.989846055002552
2000-07-06,-27.815256310815098,-6.841714791493621,-10.017406635524033,20.155129423398435
2000-07-07,-29.962786338953997,-6.2851472836176105,-10.98076057156011,19.30073562507649
2000-07-08,-30.12262222299975,-7.8366000709432155,-9.717149081866426,18.259844625876426
2000-07-09,-31.202951063969017,-7.528176764654278,-9.620988855466676,18.716819706485396
2000-07-10,-30.518947695180298,-8.072181944274543,-11.418791032029532,18.586238282767482
2000-07-11,-29.444082022171635,-8.495492174996,-11.283205270787866,19.120374858773577
2000-07-12,-28.53883471576127,-8.004880621020948,-12.509629140826757,18.70116183863227
2000-07-13,-27.879513787106674,-9.179547593398327,-13.218229542172585,19.060042016526694
2000-07-14,-28.795399737817196,-10.747577973144635,-13.140904427213933,19.867225444828883
2000-07-15,-28.604731263769928,-11.614106176018005,-13.576577974819742,19.967649458689227
2000-07-16,-28.326131488371384,-11.737113267735184,-12.989630597465576,23.13806082719328
2000-07-17,-29.196802653806813,-12.533432850045454,-11.999775453154696,22.25546310980215
2000-07-18,-28.984898625344652,-13.230370416419628,-11.964076158311522,21.88075477160415
2000-07-19,-28.197223551050076,-14.018495661894606,-11.705077904223112,22.156582935584485
2000-07-20,-28.097087225309448,-12.860600575670892,-12.610312767199513,20.03980383810859
2000-07-21,-27.96358748342788,-12.31293526965284,-14.756005544925753,21.066895421448177
2000-07-22,-26.728276327665547,-13.3166870269786,-13.534055998002591,20.09227749496852
2000-07-23,-26.644933818350815,-13.15698950384716,-14.627705763419662,18.363913219266944
2000-07-24,-27.418417674488598,-12.559116191459026,-15.75977661643287,16.314264576273146
2000-07-25,-28.159639006622612,-11.991273622555282,-17.075538036285156,15.40329648544021
2000-07-26,-27.824756270753095,-12.056825136477991,-18.222034407080702,17.205393472274913
2000-07-27,-27.8636477101103,-11.429368035002756,-18.87594112698412,18.11101870478891
2000-07-28,-27.669159126761098,-12.533296883920498,-19.380671982085875,19.16063123379164
2000-07-29,-28.41282682859023,-13.580018351673456,-18.274246926194987,19.76957520327573
2000-07-30,-27.06562512837844,-14.287865136028854,-17.750213740564856,18.184105150548657
2000-07-31,-28.995908144738262,-17.139415803882276,-17.130345899442684,18.252202203738687
2000-08-01,-28.86802922179397,-16.743185029347355,-17.927539135368935,17.748371046458036
2000-08-02,-28.625773444868987,-17.29857999419901,-18.492356020775357,19.035060730626537
2000-08-03,-29.33123682390877,-16.976867288183996,-17.8011120443958,18.450011047402235
2000-08-04,-27.520609042970456,-15.590796224608344,-17.72529426075082,18.85808063154447
2000-08-05,-29.289038100400973,-15.141059589069277,-16.211841376338192,19.187019649635154
2000-08-06,-28.809473009533384,-12.521198452883674,-16.53694084609069,17.93588267022903
2000-08-07,-28.235281002683813,-11.590293427130767,-15.78580693891861,17.833427179966755
2000-08-08,-28.819548277314208,-10.803650062888302,-16.146688883768217,19.801017351393213
2000-08-09,-29.290218608296293,-11.399284388808283,-15.119747361873621,20.188897988718708
2000-08-10,-29.152406268448146,-10.313834701852027,-15.53786209385386,20.2632707937824
2000-08-11,-29.328942579540396,-10.278969620027995,-15.57936929210017,20.90964921590064
2000-08-12,-29.23394022990183,-10.4983015891976,-13.1871742655695,20.849490826400217
2000-08-13,-29.593562182591906,-10.804413302072454,-13.574470992633504,20.00409668965982
2000-08-14,-31.160751471109315,-11.30165633546926,-13.968813796453622,18.65563648665474
2000-08-15,-30.96882906273927,-12.368998734834395,-13.498939407779641,19.366862669166512
2000-08-16,-32.45112696019371,-13.150825291222581,-13.58224758202569,18.68041178615686
2000-08-17,-31.35056245357078,-14.522602076948283,-13.358723521001947,19.9105492212843
2000-08-18,-31.790063663310296,-16.657241356075,-12.473432350210576,19.125470737374943
2000-08-19,-30.509736040836934,-16.077580324529073,-14.337399389449564,19.807199653894052
2000-08-20,-31.967537062817954,-17.2240200778443,-14.804162419086888,21.360572985064852
2000-08-21,-30.355549358765906,-18.611209195248044,-14.920660509464064,21.921893665533062
2000-08-22,-31.819791834965567,-19.505224990991287,-16.717209469035502,21.861226317834976
2000-08-23,-31.392459728265997,-19.258405091964264,-16.369919922682335,22.664604583657717
2000-08-24,-30.540929246920776,-19.697980704756123,-14.93229029207973,24.577670291388305
2000-08-25,-30.509462237753674,-19.178521017293935,-15.09588343463681,22.935514547208893
2000-08-26,-29.48834340372547,-18.64828709152555,-15.051779534628142,22.484108644949842
2000-08-27,-28.406667817643324,-18.512913272596307,-14.210941870637033,22.793427206323507
2000-08-28,-26.708546435865717,-19.6221603419482,-14.554944352693969,21.798885313935145
2000-08-29,-28.43334452222531,-19.00573659798612,-14.96299291490838,20.605195055515985
2000-08-30,-28.404959727939488,-17.557436767298956,-15.196920686007031,21.23506895001813
2000-08-31,-28.570038379585068,-17.214872184569952,-16.77912535566385,21.341472720362308
2000-09-01,-29.224260124661686,-16.576170880114883,-17.86884649816771,20.262324623628174
2000-09-02,-30.20622722932387,-17.78643118698683,-15.88978394567994,21.481569043175217
2000-09-03,-28.684679232029403,-19.051856037651117,-16.626688178560176,21.74824165387481
2000-09-04,-29.829088217450362,-19.827868700929365,-16.455482112232993,20.84557660502098
2000-09-05,-29.570020338608277,-20.99765321901582,-17.7049733516665,21.28118440360471
2000-09-06,-29.681335105844795,-21.97891827635368,-16.26746550894158,21.826229323585267
2000-09-07,-31.1589142834907,-20.34921141109877,-15.393753771838526,23.349459304913832
2000-09-08,-31.250749471543553,-20.24633296532539,-14.509402187527622,22.483919957600598
2000-09-09,-31.01044641077466,-19.36423765720119,-15.305713244103329,23.830719598231152
2000-09-10,-31.146943496170056,-21.356832746977197,-13.12003126490601,23.855404489603856
2000-09-11,-30.092193052864687,-20.444439091660826,-13.134181991985159,23.387290430219345
2000-09-12,-30.18495317206142,-20.65708898080329,-12.637492214591207,25.22388843995999
2000-09-13,-29.636227423179804,-20.232460789507318,-11.42424826905281,24.46713281670643
2000-09-14,-29.592303589849074,-21.816168079596384,-11.275461284447458,25.6748393023309
2000-09-15,-30.3259046816324,-21.724816537837224,-11.673344546596752,23.78578693149614
2000-09-16,-31.151043421954782,-19.835678704635345,-10.890026554960524,23.782576136457077
2000-09-17,-29.446167683967598,-20.426595118098867,-10.793677899966797,23.29964412993944
2000-09-18,-29.371664765616377,-20.99521683735144,-10.098871764015302,23.803950869566048
2000-09-19,-29.1886273677699,-20.665565653210354,-8.844033954133131,23.138049348434862
2000-09-20,-28.992149310709515,-21.14451150303369,-8.411404646353912,22.842392834257865
2000-09-21,-27.58134253912676,-21.147337881940967,-8.81368874155302,22.82768904110987
2000-09-22,-27.627641023848696,-19.191959014748765,-7.326529154577779,23.29789764189288
2000-09-23,-28.331846677657598,-20.579299527147786,-6.944019669717791,24.634246661258512
2000-09-24,-29.67654493979443,-20.423296881073142,-6.772439019880752,23.90545960062882
2000-09-25,-29.785406212991564,-18.982000036630815,-7.073853024286598,24.330188786110185
2000-09-26,-28.419004785858615,-18.803755993119434,-8.230186050521201,25.359536407468568
2000-09-27,-28.20718058042697,-18.63593175343355,-9.656992464709326,26.159210046117842
2000-09-28,-29.87587103825198,-18.373421535169175,-10.644589634734054,26.345233072261657
2000-09-29,-32.90032188140877,-20.435457430350983,-9.674944609549396,27.50175296742128
2000-09-30,-32.593115461279126,-19.90541947160613,-12.200762458828246,28.14516943191738
2000-10-01,-33.39726897130153,-20.62661386749587,-13.107603568148074,29.262582290108224
2000-10-02,-34.032339403342554,-20.02370730452313,-14.102726505605427,30.373097602152736
2000-10-03,-35.55295359258692,-19.816473680357454,-14.629874253667449,31.623129412515038
2000-10-04,-35.693111740045225,-19.029326469111815,-14.960721176642387,30.630381956771714
2000-10-05,-34.560278794464836,-18.611470237229415,-14.503398633854463,31.820819544336874
2000-10-06,-33.60258231943179,-17.94485768208769,-14.356748176626732,30.808237779594997
2000-10-07,-34.612769669592204,-16.401445323739132,-13.965270191856067,29.71275195928441
2000-10-08,-35.57836481531281,-16.156853833122945,-13.944646161380733,30.72936902248795
2000-10-09,-36.35298788725784,-17.58559145641229,-13.31075663133774,32.09839232275677
2000-10-10,-37.88453654343681,-18.43425845247554,-12.95134958361165,31.745689711695277
2000-10-11,-38.58396111992415,-19.174008287197243,-13.288203846322215,30.742878897294787
2000-10-12,-37.41157581507894,-19.082091278752124,-11.135145783403717,30.847000442073927
2000-10-13,-37.13627736432539,-18.823914144666368,-10.749021655437291,30.08857880384847
2000-10-14,-36.235089456827204,-20.446820841891498,-11.597164507672835,30.86262201772032
2000-10-15,-35.596598356003064,-19.519859606944756,-12.50601675933668,31.30586934269292
2000-10-16,-35.78218440629729,-18.751203445457897,-11.30289336307182,31.33965654667195
2000-10-17,-34.74617392057853,-18.180403162342866,-10.506500494254546,30.076378178456828
2000-10-18,-35.39251951067616,-19.271435714170742,-9.930871913522854,30.70778095901737
2000-10-19,-34.12260529882314,-19.06326774497622,-9.258265396052511,29.80074923494261
2000-10-20,-33.35181199875579,-17.837871293400454,-9.314410871911642,28.994395902301235
2000-10-21,-34.114949390236,-18.05837352892944,-11.957180943856274,29.26431778061707
2000-10-22,-33.34300515791786,-18.082189423323936,-12.973368308587244,29.70888485023749
2000-10-23,-32.00801289845161,-18.425684727151108,-11.674227776714945,29.226101285730348
2000-10-24,-30.543753582890716,-18.231145566983614,-11.296734848396653,30.057193410258378
2000-10-25,-30.66831624615477,-17.02763610246249,-10.957689164080655,29.688109352721558
2000-10-26,-30.548406451045107,-16.918263883740558,-11.528973864438688,29.311567585734526
2000-10-27,-30.387374629387274,-16.650442447366693,-10.722432001122767,28.38648526748076
2000-10-28,-31.004075709584235,-16.143078837753652,-11.139589422523345,28.66836389102802
2000-10-29,-32.027260880340435,-17.546942173336046,-10.169002028243698,28.766425296954367
2000-10-30,-31.637079596411184,-18.056126592022892,-10.076276479531689,29.57309025986679
2000-10-31,-32.74195879653538,-18.178961919501567,-11.478286571907308,29.77986694148105
2000-11-01,-32.647612630438395,-16.570091308760034,-11.494811907924824,30.641035912451283
2000-11-02,-31.96265352020952,-16.259004196520493,-9.7022723106894,31.580660262096174
2000-11-03,-31.034402807400856,-15.898683025174865,-8.82966907462066,32.839365574807005
2000-11-04,-30.82096738196236,-15.916253381291254,-8.521877590871753,34.461869686963745
2000-11-05,-31.064450112958323,-16.169100833254852,-7.79555742077485,31.866567628539105
2000-11-06,-31.418077790810365,-16.264379519300874,-6.369594071638419,30.267551012187404
2000-11-07,-30.596952501967166,-15.462816628561598,-5.642449872137279,31.413009182043627
2000-11-08,-31.69226041718409,-15.215276098329218,-6.375292560600387,31.515578811811352
2000-11-09,-29.6092994034976,-14.961042964415304,-3.477483799951528,32.653067603228365
2000-11-10,-30.068407328555626,-15.411780638611818,-3.903738300146885,31.041650926572256
2000-11-11,-28.674107646628432,-15.035205245487148,-3.0594242986680307,30.72802862229557
2000-11-12,-27.086135463093722,-17.27262297174131,-4.199409557369754,31.59335319558914
2000-11-13,-25.281678815638173,-16.865355437896977,-2.845272491254908,31.798585253713178
2000-11-14,-23.91118623077624,-15.455421370429503,-3.5083572539349257,31.549101876925633
2000-11-15,-23.607232913573103,-17.657389194885496,-3.3306252559737035,29.883024772375816
2000-11-16,-24.132295500140085,-17.22265946692311,-3.960497752570436,30.15439230677254
2000-11-17,-23.98154582570785,-18.150981948085995,-5.216498248949169,29.403587157170968
2000-11-18,-23.661717768161665,-19.033420233043028,-4.921665614869636,28.055034734148414
2000-11-19,-22.851976918848766,-19.102527797060187,-5.198572290720478,30.94998114585532
2000-11-20,-24.446421992388004,-19.303984093502407,-5.000215882355377,31.009295466960744
2000-11-21,-24.104785989493635,-18.793386213703965,-4.315925072033299,29.258416452306555
2000-11-22,-24.01528728099969,-18.406662533331684,-2.379462330437892,30.307031526907377
2000-11-23,-23.473341081470927,-18.959725884347254,-3.7788028330321124,30.545804780460525
2000-11-24,-23.48112551931052,-18.70672072146706,-3.2630354319572987,29.156376134753707
2000-11-25,-23.604206716711705,-19.248662667045593,-1.7292414096860513,26.973747375300164
2000-11-26,-23.832022286252712,-19.027744967588042,-0.7340416330830115,27.77150142909992
2000-11-27,-23.219735868047497,-19.499305645909477,-2.4414550816281,27.41050691705469
2000-11-28,-24.665972077215375,-18.337616464386777,-2.167957077721157,27.700454773596046
2000-11-29,-24.963350556310452,-19.53524471882657,-1.1745924032360389,27.559157178749235
2000-11-30,-25.80328825154651,-19.973458577409446,-1.8312828432036143,28.70163960131726
2000-12-01,-26.20834739916034,-21.18517583241688,-2.466469673831896,28.11565458907704
2000-12-02,-26.57021684309846,-21.734203670558085,-1.9873668772162536,28.847236044355324
2000-12-03,-26.245227838558932,-20.03427240784552,-2.9182256046303108,27.96826345071652
2000-12-04,-26.006348838357766,-20.37585365103318,-4.694435154336649,29.457520359308976
2000-12-05,-25.46245581013303,-18.305211471925862,-2.8438644432530826,31.770061528203595
2000-12-06,-23.673011489834533,-17.18414379274075,-2.5692547944581605,31.8277718702838
2000-12-07,-23.23493786998414,-15.94356027134367,-2.771861272416548,31.661241969333755
2000-12-08,-23.108224106811583,-17.17691296815172,-1.8133152974246434,32.110907820549436
2000-12-09,-23.398196974817786,-18.10808512279392,-2.4057291985755813,30.892698812166554
2000-12-10,-25.1046347050376,-18.082618811519342,-0.6487272116447915,31.017214355216513
2000-12-11,-25.06169206715769,-17.96008848921231,-1.9123991206331665,31.457617104838896
2000-12-12,-26.535770565551033,-18.60580851997769,-1.7003186871125515,31.966441853167943
2000-12-13,-26.17579100304375,-16.610962458442714,-2.1394399942801257,32.690328856320775
2000-12-14,-25.05689908957334,-18.02283506525509,-0.38297756494873836,33.54911747193224
2000-12-15,-25.237964249761706,-17.290126340620482,1.529722211464115,34.00141620115396
2000-12-16,-26.463120597026872,-17.329165753474513,1.9802376874391554,33.2413879317226
2000-12-17,-26.898929145500944,-18.020543306946696,2.3663448637565403,33.05857653050654
2000-12-18,-25.771959854297975,-17.40488586040646,1.8933388614623088,32.015592078697246
2000-12-19,-25.760919575642408,-17.473557714812586,1.6190710638628796,31.62361252449059
2000-12-20,-25.608422166661665,-17.149250484272137,0.8706076470333124,31.43359331390324
2000-12-21,-25.44379288320361,-18.38117133265081,2.303590267438066,31.658518518426902
2000-12-22,-26.230531660939562,-17.528206911444293,2.3711132863788875,31.110185177637327
2000-12-23,-25.945813073887923,-17.43548206831616,3.7798214887536927,32.49247668856811
2000-12-24,-26.77600739590324,-18.6113402134037,3.0111148460866715,32.72006897821159
2000-12-25,-28.616339690900904,-17.81569985137193,2.3717753799595305,34.182179711143675
2000-12-26,-29.546109454891297,-19.252274757048443,2.4880626946629505,33.653083974138426
2000-12-27,-31.008276311778403,-19.045157100474725,2.6718875867239555,35.67324559695447
2000-12-28,-30.977762044627664,-18.531410229082503,2.166217004432293,35.90665457228654
2000-12-29,-32.57527117074432,-19.796553670621023,2.0942622114431644,35.05780103839478
2000-12-30,-33.05242426436588,-18.524955507933882,1.2105449990094548,34.88163734867945
2000-12-31,-34.418505595713505,-18.334209359074524,1.2759952884478196,36.66761222469633
2001-01-01,-34.051538283016455,-18.74694152503006,2.895103846713288,36.17764392808231
2001-01-02,-32.781668640592876,-18.271731848851367,3.7422905733062137,35.96489050195496
2001-01-03,-32.77826618356167,-17.99445279081326,4.324903086459885,34.82056279761907
2001-01-04,-33.76084129276429,-19.844759146185837,5.421710254410388,34.273061731246536
2001-01-05,-35.46693717207428,-18.98562152163954,5.882853673255904,33.716646052565984
2001-01-06,-34.16303899216998,-19.460331230517593,5.760030493823415,33.10034953684857
2001-01-07,-33.31902965727823,-20.82946668136341,6.785093104532654,33.29079982934317
2001-01-08,-33.61875311960749,-21.280750929535458,6.652124082112962,33.11241562839083
2001-01-09,-33.69950844475422,-20.848460795326485,8.058701427521086,32.34665142483489
2001-01-10,-32.78647643335578,-19.237253771140267,6.831923964254445,31.71176677883335
2001-01-11,-32.0428205179458,-19.630363553771076,6.828455502438536,32.27022461897197
2001-01-12,-31.222039381396634,-19.60808816047982,6.758290751592772,31.572803286835285
2001-01-13,-31.70712663161461,-20.903203192182414,7.448855721559056,31.826460219557745
2001-01-14,-31.168346208348986,-20.01089306260852,7.663726309890739,31.532733375470553
2001-01-15,-31.188317929938368,-19.442486774262974,9.679177268147658,30.59028792603667
2001-01-16,-32.348863441280834,-18.13833633234342,10.213145627004321,29.457942766678745
2001-01-17,-32.05524932382865,-18.05751921600455,10.241478901440686,28.23916426814576
2001-01-18,-31.06257105826061,-19.750602672770306,11.223256571915948,28.272578879103854
2001-01-19,-32.44174635711547,-20.931101716713673,12.693667645301142,29.032911979195806
2001-01-20,-32.479533572003206,-20.68952392313921,12.20286996682593,28.17148489197124
2001-01-21,-31.430706781440126,-18.732114273919407,13.56036254787444,28.69419680628337
2001-01-22,-31.38114219375849,-17.33335849625314,14.185808798163306,28.320488893483386
2001-01-23,-31.04439379473327,-17.25742119791507,13.972322695936676,30.24295529916199
2001-01-24,-31.76790680885374,-17.426331715611656,13.930507207863318,28.875234782961982
2001-01-25,-30.975186326292913,-17.2118487383167,12.327306085991234,28.47816515002747
2001-01-26,-32.234296639910724,-17.163600797007522,12.975331155650483,28.10344247343099
2001-01-27,-32.098798879014524,-17.71004007412408,13.315416236080157,28.586959410361203
2001-01-28,-32.06623044896276,-17.880382801352642,12.717681797448543,29.849020493156747
2001-01-29,-32.21930121233353,-17.15594054944216,13.497573457007398,30.23960095585583
2001-01-30,-32.57920022924961,-17.528009041230323,12.066624093190647,30.824258851782716
2001-01-31,-31.957973105866532,-18.352615067311852,10.624544652698425,30.224527819278396
2001-02-01,-31.397609716994022,-20.562692209801867,10.49029128214287,29.099701130189025
2001-02-02,-30.427458819419147,-19.60166641182674,11.089530931517313,29.70226120054944
2001-02-03,-29.451842964529376,-19.812532430352984,12.57182543709758,27.269858433050057
2001-02-04,-29.966407521780205,-18.76448308587676,12.314863710136004,26.614355250827405
2001-02-05,-30.102601876610407,-18.38357835306703,12.81826795093571,26.696608292646832
2001-02-06,-30.518519059959015,-19.56606330638103,12.790923034413966,26.854240829670374
2001-02-07,-30.042735567465904,-19.058760257524593,12.227494285674394,26.491376007425067
2001-02-08,-30.998444504342793,-17.77397779234063,11.010293687818148,27.813082858785226
2001-02-09,-31.892069179406533,-18.26278148113601,9.928970653174712,27.705673743266892
2001-02-10,-29.40765692685587,-18.35232284692204,8.336520487582298,26.46079531905653
2001-02-11,-29.758620974581692,-17.906786833095314,9.579832845980373,26.669440897399447
2001-02-12,-28.577923663140698,-18.5725225651233,9.881780809842201,26.189046481153557
2001-02-13,-28.855517626184664,-18.92257075553662,9.731064965053964,26.34826917743212
2001-02-14,-28.46268552717852,-19.49771871933102,8.003291418489503,25.15935067479265
2001-02-15,-30.200508807183965,-19.48259483165351,9.891995217292546,25.62289914155225
2001-02-16,-30.036324166547335,-18.559539166922505,8.784937360810025,25.045129763033863
2001-02-17,-28.374756192010537,-19.86235142819748,9.814888674320182,25.996442504335644
2001-02-18,-28.034726578520104,-19.630683367436923,9.726346719678395,27.49813474782756
2001-02-19,-26.54934980340167,-18.595698974837752,9.050432689578214,26.941697486993554
2001-02-20,-26.608705920602997,-18.55677337840247,8.373479353475632,26.04472347223369
2001-02-21,-28.59865009869628,-19.131798394178084,7.603263234636653,27.049849843536474
2001-02-22,-30.006041440880132,-20.00906572297118,6.635531627606319,26.068761029068366
2001-02-23,-32.09078770405381,-19.345000870404014,6.230467138520143,28.859388860032745
2001-02-24,-34.27065263309117,-19.972100560300458,5.482686517477977,29.929186245862745
2001-02-25,-35.73468017917119,-20.882725022261805,5.278323112789426,30.605404827340504
2001-02-26,-36.67677001993798,-20.173524484977243,4.934990088754769,31.57446654078175
2001-02-27,-37.783705202702315,-21.6901197625447,5.521278264436539,29.231920438949004
2001-02-28,-39.07698270957547,-20.936672189095543,5.016607741037979,27.574500431294084
2001-03-01,-38.8463312941916,-20.10770976542216,5.213505669466155,27.787737215395445
2001-03-02,-39.75310949225594,-20.563905674148835,4.970380683739806,27.822876547985057
2001-03-03,-41.35868072123777,-19.184966876138496,3.7022757121081806,27.594165469068265
2001-03-04,-42.26684748824091,-18.903885913452886,4.145345000326997,28.401457485189923
2001-03-05,-41.362826329666966,-17.668819833467108,2.0411573038347646,29.090689894542976
2001-03-06,-41.1153822392915,-16.823364124474626,1.2374758639422216,31.091987007327358
2001-03-07,-41.68625937442631,-16.322245661982937,1.0984025808852806,30.30949580070752
2001-03-08,-40.26168007677941,-16.36181793514027,1.555800015616135,31.623064661735675
2001-03-09,-41.20624874250213,-17.074530541469983,2.686848377856567,32.024233839972034
2001-03-10,-43.29383566113015,-17.322428717099015,2.072497886578332,32.42271779187123
2001-03-11,-44.06594675878573,-18.64610130181052,1.5236002235101544,30.682813141275027
2001-03-12,-42.624538901320406,-18.793439899786797,1.3930418411093384,30.585634662072263
2001-03-13,-42.35814348441738,-19.863541862235984,1.3304487813657884,30.219934271953143
2001-03-14,-42.08825668267869,-20.94753765730078,1.3248093572284032,29.509709742254998
2001-03-15,-41.83187683452143,-21.028421337404506,3.1391550094315104,28.14437736585807
2001-03-16,-41.641889873539924,-20.43559537246849,4.3110279371961155,27.51707829526354
2001-03-17,-40.827667089149486,-20.04378664105146,4.614921051858386,27.37547695046211
2001-03-18,-40.36266043700414,-19.685476530259486,7.381820450504149,27.289752062849306
2001-03-19,-40.189900983172265,-20.102782703080376,8.276730656221101,27.34066530498479
2001-03-20,-41.28830300180364,-19.63027594139567,5.74904649757749,27.094883472003257
2001-03-21,-41.760909919747355,-17.34737406717101,5.5771807900280645,25.71856340016804
2001-03-22,-43.166643924807914,-16.918605263293564,7.065375556335301,26.11235598747159
2001-03-23,-42.52656643711855,-15.933053278098992,6.731337150011331,23.992390338843933
2001-03-24,-42.87774542786943,-17.97777995843068,7.586422274994322,23.80118053158393
2001-03-25,-43.20963931621878,-18.56994907706706,7.004845222644919,23.174508775893244
2001-03-26,-44.73553730508178,-17.86594326915543,7.287279763592335,23.273037312935067
2001-03-27,-45.51101799355495,-16.818332586708404,7.2466210873422146,23.968026488407798
2001-03-28,-45.44438398444991,-16.963459161872294,8.437633890352528,25.2171195057922
2001-03-29,-44.98513092412527,-18.128022685430523,9.6609521147393,23.360330108938495
2001-03-30,-43.37465470090369,-17.52011132851661,8.73487208065882,24.773909834387435
2001-03-31,-42.37169909015888,-16.361501272171573,7.369269995226695,25.970365857702287
2001-04-01,-40.94176690852556,-15.224524351583803,6.577696904545513,29.04662973185374
2001-04-02,-42.179731063288,-16.09426971887868,5.814292605347361,29.963969759495082
2001-04-03,-42.16059445612839,-16.690241479860976,6.083183835001874,29.499634979754223
2001-04-04,-44.489389990922845,-15.778406639267097,6.116107779889841,28.603426084148463
2001-04-05,-44.98803445822612,-16.743814374623344,9.005759014749806,27.346066623530312
2001-04-06,-44.312602730300654,-14.757320746135976,9.948070898936344,25.703514235668667
2001-04-07,-43.230993232592716,-13.711532367805786,11.066726766060832,25.628455937048248
2001-04-08,-44.51147978622073,-12.94085526398456,11.235586403728444,25.134954178549396
2001-04-09,-43.855693304376274,-12.598920065464874,10.5325296703177,23.813146479905175
2001-04-10,-44.95661890431923,-12.208926625249175,8.831735285199185,21.734336352757442
2001-04-11,-44.99321830412311,-11.431091728762151,8.852268973738992,21.041851312179517
2001-04-12,-43.4980858624124,-12.864393282977575,7.63360307753228,22.450632957873346
2001-04-13,-45.565262456857894,-12.811689747213613,8.217398717664373,23.05168647926141
2001-04-14,-45.4577948991772,-13.032209525243182,10.250880205744988,25.206194771952635
2001-04-15,-45.6146137001401,-13.339338982386916,10.667303418709206,25.034704046094692
2001-04-16,-46.30402805360234,-14.14807403468482,12.933705701010002,25.353394578797072
2001-04-17,-46.86102827985946,-14.499613006164749,12.278785799167133,24.62659601253743
2001-04-18,-45.08074873177727,-16.066084243481175,11.490378478197544,25.888716164849114
2001-04-19,-46.302912444857796,-16.141459013176846,11.120516894335216,25.71625663283076
2001-04-20,-45.690614537091356,-14.85823946594445,11.969613644830066,24.834530807185573
2001-04-21,-47.30312758403442,-14.516382515125867,11.280236134664296,24.66198636334022
2001-04-22,-47.70107025551455,-14.597535548628853,12.365763645144847,24.667564985044155
2001-04-23,-47.733923368349586,-16.18976854065329,12.904433530519794,23.40618699138676
2001-04-24,-47.3695132603226,-17.11210186000371,13.092017004965891,23.842631334035833
2001-04-25,-47.81510404138378,-18.124219986507097,14.098968638401509,23.610616868933548
2001-04-26,-48.172604558175955,-18.308384227577104,14.097215777888957,21.88366222874095
2001-04-27,-47.71835095508393,-18.46573641670237,13.874053220635188,22.89808750236458
2001-04-28,-47.96466951669,-18.4562865500817,13.075708495833538,22.898476102461533
2001-04-29,-46.98565107736499,-19.49148448499554,13.103097253422057,24.411861876074187
2001-04-30,-46.57031009337695,-19.76052838134072,13.713332666825496,24.367156972651635
2001-05-01,-47.209161229057635,-19.88419698081759,11.724819254203457,22.80396562815045
2001-05-02,-47.86253666021276,-20.362264500346566,12.281035096520252,22.74105310377649
2001-05-03,-47.017343594025746,-20.495088831508756,9.823892966632904,22.869780990872567
2001-05-04,-45.66912493570069,-20.364099367983165,10.791078141725983,22.569421981191283
2001-05-05,-43.72953740156906,-19.320191877175027,11.20315562868994,21.56633575239027
2001-05-06,-42.32271651781662,-19.58179361975632,10.898616417627144,21.99660725941539
2001-05-07,-42.084754895971436,-18.18452920395354,11.374852387727316,23.20958433672048
2001-05-08,-41.71524901939345,-17.67294314573673,10.339264107307205,23.4899466161615
2001-05-09,-40.55760736811596,-16.72245199453556,10.753623007930337,24.147055165810034
2001-05-10,-38.59402887572424,-15.665544817930275,10.468469275007173,24.838753195360088
2001-05-11,-37.58574218849568,-15.682265542294425,9.133127774833733,24.094410600014957
2001-05-12,-38.50093478690545,-15.368159122396522,9.002613866948648,25.204897542822692
2001-05-13,-39.47430844058413,-14.704415702335599,9.739614157969553,25.138431767059945
2001-05-14,-40.59265451492164,-15.112666591895357,12.252105351844229,24.49144546721824
2001-05-15,-41.501470551031275,-15.127944029815191,12.303006390169257,24.60640977023412
2001-05-16,-41.31687844716225,-14.371073967721621,13.185081333659154,23.21980899341562
2001-05-17,-40.2118643011723,-14.933491023131143,12.990398223283352,23.05548973248704
2001-05-18,-42.252764264895525,-15.017777653065393,12.452205051194875,23.71229158699199
2001-05-19,-40.98382198058658,-15.942072207560237,12.110608998462292,20.875104283020335
2001-05-20,-39.96542199420921,-17.87175385219726,10.033292187261345,19.932326286460412
2001-05-21,-40.6824699026402,-16.925835478424652,8.920274734413674,19.18966377070121
2001-05-22,-38.768156722426426,-17.14034141561758,7.843977020230212,19.107515561428176
2001-05-23,-38.44517944469501,-17.53951361952551,7.548132841227742,19.082715067333226
2001-05-24,-38.72458123985221,-17.921897113635623,6.326101136654081,16.99162955055376
2001-05-25,-40.66866955219415,-17.429274379927268,6.46124638286591,16.5951324962652
2001-05-26,-40.655549059782125,-17.287744261833947,8.250118182880234,16.930032919922667
2001-05-27,-39.82729620771852,-17.306680691184166,9.075782042625235,17.751825578580622
2001-05-28,-39.76030500375302,-18.223890061259787,8.618177282659863,18.10713100535597
2001-05-29,-40.70579973521699,-17.04032928259988,9.886211524943311,18.51856795726739
2001-05-30,-39.646141004444864,-16.14594493624091,10.202824490932207,17.943420074119466
2001-05-31,-41.35850901859586,-16.043660520927123,11.918480524896925,18.043617933002363
2001-06-01,-42.367522724453174,-14.813582528150546,13.782982630706357,18.106289353623637
2001-06-02,-42.16122717436138,-14.008423237560242,13.006666349840224,20.209546370832
2001-06-03,-42.13288482444113,-13.96760765284176,14.049575704210726,19.055227496113883
2001-06-04,-42.96766185581717,-13.04570423537463,15.166622522746751,18.228585584415157
2001-06-05,-44.79832631146766,-12.706675129535103,15.007780932005057,17.657289373158626
2001-06-06,-43.26694913408634,-12.221213108178965,16.17825959097697,18.279396797110884
2001-06-07,-43.277554749492204,-12.018525875515019,16.025332467343183,19.928452472942983
2001-06-08,-44.635043880591965,-10.306067620417132,15.082649018131246,21.880839992855226
2001-06-09,-43.73840754279575,-12.020895847931742,13.052994312274938,23.028664821713104
2001-06-10,-44.95625216008675,-11.347818913639044,12.372359900895656,24.193323692917815
2001-06-11,-44.92543356370056,-12.087970728189353,10.942042460378449,24.309360915883488
2001-06-12,-44.26060294610156,-13.017582157308517,11.900005929156698,24.308259986867245
2001-06-13,-43.58644509853907,-12.824965847822797,12.601968751318648,24.79146901875327
2001-06-14,-42.14837694466257,-11.876738159428337,12.87601449641375,24.41928773829457
2001-06-15,-42.130757431015496,-12.091747396562468,11.96301487931496,24.150787250561695
2001-06-16,-42.44937296030912,-12.599985048433544,11.911221973720266,23.60769949995682
2001-06-17,-44.263763372492136,-11.980649995126521,12.406532456230762,24.996091701159965
2001-06-18,-45.30292593172617,-12.765090572193508,12.225663525088653,25.479161855196168
2001-06-19,-43.558128271217534,-14.055852030208822,12.28346112408619,25.08634906202463
2001-06-20,-43.92941637558217,-14.736948759087356,13.104913211070826,26.408491435337343
2001-06-21,-46.11391034243353,-14.284239287170598,14.025476658568312,26.801402151588512
2001-06-22,-46.260214610275874,-14.966587780397406,14.08303100151518,27.990729064035694
2001-06-23,-46.58541922738595,-15.70719046366147,14.276663318730662,27.664738934540797
2001-06-24,-46.455283638440775,-14.746966743585984,16.105486617882406,28.0627405654834
2001-06-25,-47.55628175986028,-14.908635404478035,16.48582988829537,27.90033582585768
2001-06-26,-47.962391096499765,-14.358574657970564,15.219428206177366,26.986970208273792
2001-06-27,-45.919886426825954,-15.112254517360679,15.584059994714142,27.442148126087247
2001-06-28,-46.16923706944103,-13.567225894019126,15.926553286176082,26.157895515391274
2001-06-29,-44.02433704717334,-12.712365463467357,16.002629803947446,24.57225727164238
2001-06-30,-44.487560628941814,-11.402187357042896,16.42416271911865,24.498193296512664
2001-07-01,-42.31088903770399,-12.453998551961586,15.720422428276086,25.501668631758076
2001-07-02,-43.85329024370954,-12.780044672816619,17.517048917222837,26.36652223544879
2001-07-03,-44.0807105221622,-11.17321117170499,16.830397318686035,27.950574542310232
2001-07-04,-45.4525250494877,-11.126853660791314,17.048984051658316,28.445994173053496
2001-07-05,-46.16192451940731,-10.571893256663715,16.36833431432466,28.731333129238617
2001-07-06,-44.62345780227627,-10.020997472501799,16.361605527200815,27.8840254639073
2001-07-07,-45.061707468554985,-12.132294488183533,15.254786875923907,29.786586310859136
2001-07-08,-44.909261420457916,-12.280783137528307,16.39630159344261,29.327968986322723
2001-07-09,-43.290752908680425,-11.240141113680709,17.50539171799435,29.89711535959575
2001-07-10,-42.4122225932943,-11.710359779515931,18.97515366443095,29.964960082286773
2001-07-11,-41.6038245056367,-11.93969506118482,18.763881193732978,30.161532669869636
2001-07-12,-41.05362337804561,-11.94036272582589,18.610668857440906,28.036177342225045
2001-07-13,-42.73271099867079,-12.842901895239507,18.019850567779667,27.61156987598957
2001-07-14,-42.60089755049759,-12.754806025249806,18.57848107279605,26.75377488390047
2001-07-15,-41.91942172672762,-12.067364291451696,16.328468376480878,27.535738857173875
2001-07-16,-43.08071044642126,-10.348966233646022,17.427050518152043,27.923297389056323
2001-07-17,-43.38601683673782,-9.571350734206558,19.45495882873401,27.44452061228592
2001-07-18,-43.18781315314433,-10.060694796892644,19.695115676115133,28.02770248831132
2001-07-19,-41.676311338668405,-8.714165827475796,19.640990006171474,26.600646587439925
2001-07-20,-43.268887201790406,-8.614199294829852,19.431180803156476,26.552647212000007
2001-07-21,-42.10225328735054,-10.291654224273634,18.483431463805147,28.711168560351158
2001-07-22,-41.66081971065457,-8.66350428300553,18.986652558879427,30.95293602405228
2001-07-23,-40.900253726812394,-9.06722249301164,17.53321847076191,29.519021988814504
2001-07-24,-40.01438440821478,-9.059023049987717,19.001848395478945,27.322236547026517
2001-07-25,-41.18075592859972,-10.253569216368685,18.26080639571626,29.32243100496281
2001-07-26,-39.927881790382585,-11.267844968446568,19.32363421178994,28.27694949392396
2001-07-27,-41.23181157343831,-11.86649789083745,19.75974155362161,27.182571273130197
2001-07-28,-41.50148299602737,-12.636648983389549,19.046545458757265,24.87554547129664
2001-07-29,-41.61607372848449,-13.990712549493823,17.60339253549895,24.58209185426247
2001-07-30,-40.87402179962377,-13.202749102971243,17.252118273020347,24.28780637070675
2001-07-31,-39.77226066336699,-12.52711970914544,16.56438785532543,22.7691435790445
2001-08-01,-39.34088719817388,-12.542845701049773,16.01577760417893,22.927384333959992
2001-08-02,-38.679580312101905,-11.261872701394882,13.494097914439545,23.47906058624939
2001-08-03,-37.92276796910753,-11.521187263825029,13.525021737060543,24.406100601616092
2001-08-04,-37.9716515588254,-12.664992092328045,13.15632298662946,25.558510218786765
2001-08-05,-37.85144095389251,-12.339477581217439,12.22361774449068,25.754590102047327
2001-08-06,-38.184296338596766,-13.026705111972104,13.524910304361963,25.84555278237251
2001-08-07,-37.0046437443795,-12.825932109872651,12.815896000069298,24.948455244195802
2001-08-08,-37.63592675422584,-13.219615693395893,11.93325271274839,25.78382223841224
2001-08-09,-37.47410272879452,-13.853160618870959,12.367543938524705,26.273816929265422
2001-08-10,-37.00922538885793,-12.563103043202306,11.942559479373616,23.39537624927157
2001-08-11,-37.62741743262654,-11.718261789375843,11.482303419475649,23.902314421099693
2001-08-12,-38.52495338471125,-10.15351658413795,11.09834417614594,24.55370690191129
2001-08-13,-37.78840917300197,-9.745410434632298,11.008573959914257,22.45374558274567
2001-08-14,-38.78534795055344,-8.98356828408164,10.807557800876129,21.381773779828002
2001-08-15,-38.398342607916696,-8.121083863242365,12.35783174425632,20.625648840247056
2001-08-16,-39.327905015201985,-10.221084816518779,13.065170857096287,22.500650488295438
2001-08-17,-38.83194161085617,-10.860814282747977,12.776846432001516,20.994220846642705
2001-08-18,-38.06669288754775,-9.970866660527834,12.560076897275346,20.900160627447068
2001-08-19,-39.6601681120107,-10.97843627349744,14.40275576868382,22.689719784108302
2001-08-20,-40.557535186140775,-11.468107037003524,14.680774627828157,21.91461004206345
2001-08-21,-40.20515354915689,-10.619003473962005,14.179670554301472,22.244381639390024
2001-08-22,-40.940069197478415,-8.265748212863615,14.852157800933906,23.48045255728531
2001-08-23,-40.456354635069204,-7.087246727068971,14.426776625267067,23.354498013674036
2001-08-24,-40.01802583535766,-6.855431142114097,14.488516017622878,22.157488598472373
2001-08-25,-39.26528506373775,-6.5707815247036985,16.51523394002167,22.215698199524258
2001-08-26,-41.11885066898541,-6.695305558948408,17.85423693668461,20.86613973964516
2001-08-27,-43.371696958484215,-6.388342943242955,17.904748573062943,20.306547136528696
2001-08-28,-43.7770478732882,-6.196348684682035,18.528971689094014,18.83991640993548
2001-08-29,-44.08117666637825,-8.230118548394199,18.727144889562272,18.514360478820215
2001-08-30,-45.84176673986555,-10.096102881900087,17.743367665689902,18.09897217420177
2001-08-31,-46.49366948335386,-10.51742902010375,17.586028397582812,18.129733941728073
2001-09-01,-46.29893754979256,-11.135975225805465,20.258619214537312,18.697314526315342
2001-09-02,-45.344929212236856,-10.363701905090615,20.54190904283339,18.9405175207325
2001-09-03,-46.28196108358927,-13.110437935350202,19.96350010710918,20.043374743198655
2001-09-04,-47.285637446201505,-14.611834271527057,18.381138625153135,20.648616174005287
2001-09-05,-47.913405683647404,-15.28476398029768,18.592196688944007,22.279654399708114
2001-09-06,-46.9826344498991,-14.531815445084833,18.53614820410089,20.721974281403487
2001-09-07,-47.1825517157283,-15.051605283785559,20.001300788399476,19.88730809208559
2001-09-08,-46.84416382440679,-15.949603967244828,19.219037995401365,21.961992699921797
2001-09-09,-46.43031757165844,-15.81031254386311,19.594466842738424,21.28479473266102
2001-09-10,-44.97812798984568,-15.870741161482295,18.045432945575683,19.59309051592238
2001-09-11,-44.24508330181078,-15.38749597691957,17.971932218150418,20.429533358673098
2001-09-12,-44.06456956718498,-14.774446727443403,17.956011826172688,18.43975729972485
2001-09-13,-43.736780485178166,-14.632037523074871,16.85584549758667,17.789952903297564
2001-09-14,-42.55614736281864,-14.031483760289072,17.78373533305971,17.44057398932322
2001-09-15,-41.16340418348392,-14.162388739386085,17.927690646184722,17.487107851274427
2001-09-16,-39.84371395563282,-14.901955307226405,17.40117749676865,17.732277183789055
2001-09-17,-40.5348453466022,-16.11680641817417,17.117456701423077,16.849721136522117
2001-09-18,-39.5946240221373,-16.987894306564026,17.100555898696868,16.934916847277652
2001-09-19,-38.706907593103836,-17.17014289498343,16.60025878478896,16.16531556067285
2001-09-20,-39.31921661829867,-17.731983580395237,17.883620934027174,18.207790261734733
2001-09-21,-39.078623275883686,-18.01919739990771,17.32043695322307,17.620296643387846
2001-09-22,-38.92608484279784,-18.64722980360396,16.481834409165614,16.68145956009851
2001-09-23,-39.06021058549703,-17.549383686891236,16.454136664598437,16.398606957097204
2001-09-24,-37.69282366937221,-15.486599138336691,17.696846331950695,16.263769973806173
2001-09-25,-37.41706229349816,-15.381360235570776,18.081754156768753,13.660031312752112
2001-09-26,-36.31956050765435,-15.348046228538,16.63124892742802,12.520751253617533
2001-09-27,-33.355206169660875,-16.989964776571867,16.560408408690552,12.245498439099332
2001-09-28,-33.3756426205058,-15.062826935677371,12.517003912751616,12.855962477716576
2001-09-29,-32.76098868380407,-16.73620265797875,12.338038202235497,14.925176478123275
2001-09-30,-32.115611951749656,-14.50182442893843,12.199222728929556,13.406652902797207
2001-10-01,-32.63736214453141,-14.273578640620745,11.74170066131781,13.894649623634264
2001-10-02,-33.63331084081618,-13.57263651316586,10.419575685039163,16.119053031988607
2001-10-03,-33.76230234130465,-13.553500662668341,10.219096173978528,15.828683222683264
2001-10-04,-33.514570907405314,-12.963674980046962,10.752006555683625,15.857578441707584
2001-10-05,-31.72594719665026,-13.148559669750368,10.204692206604191,17.54799857133263
2001-10-06,-29.986477647250894,-12.480678708171798,8.90368525471648,17.73643909943013
2001-10-07,-32.102066783141,-10.49620706533752,7.808896420797749,18.831493706610644
2001-10-08,-31.845404590007146,-9.702448212166837,7.637220284936705,19.77082125535173
2001-10-09,-31.582798319783333,-8.812772403977942,9.22365546190366,18.861378413950497
2001-10-10,-31.985352716028927,-8.323062022310895,7.97338968864124,19.771665462673525
2001-10-11,-30.83849526375929,-9.138542186820105,8.426712990935009,21.45238078032962
2001-10-12,-30.903562911064647,-8.942547135380446,7.358211376165679,21.869907479942686
2001-10-13,-31.307804804996927,-8.456219643647254,5.4433265861212075,23.05218814838841
2001-10-14,-30.96012776578109,-9.861805336887373,4.828681494759054,23.81462171256325
2001-10-15,-31.35627687326926,-10.828069654105356,4.3561780490295465,23.15729365422727
2001-10-16,-30.509690528384745,-9.864390496781338,5.021600405082982,24.775916594252184
2001-10-17,-31.45076080174017,-11.163457235057114,4.234783195758814,23.422711265549445
2001-10-18,-30.726448021881282,-12.66630878939825,6.037096590987045,23.903882940140278
2001-10-19,-30.263618536387806,-11.916203389911106,4.491114048365615,23.683075880515748
2001-10-20,-30.223208924125473,-12.774505754967096,5.116267684548699,25.18750305508641
2001-10-21,-29.85920457361336,-13.483258986129467,4.989531174610368,24.860350600235027
2001-10-22,-30.900874106521535,-14.074094093854134,4.6830798822622555,22.772669112966533
2001-10-23,-29.870411333272695,-13.551357516302554,3.6517557037689583,24.00129008921378
2001-10-24,-28.226244686450094,-15.794044516338737,3.97379881768461,25.02217404929876
2001-10-25,-28.543835051239906,-16.394812421553237,2.957037574200781,26.235460290515356
2001-10-26,-25.20284369817577,-14.857988192390335,3.835004861557513,26.10724236522255
2001-10-27,-26.28114761038064,-14.0645115261455,4.70369598297431,26.303332371179305
2001-10-28,-25.650330280486244,-13.935847505916364,5.106038165191134,27.127579154568018
2001-10-29,-26.1452398396334,-13.694757047605385,5.6714289671933065,26.101791972147918
2001-10-30,-25.595588753951844,-13.537166368513443,5.355797758096713,26.651412857245244
2001-10-31,-25.39398912230073,-13.338630922086859,5.577188309404976,25.907005537407564
2001-11-01,-25.530905321950485,-13.971016853242475,3.6440750342383,25.45521221154123
2001-11-02,-24.726312042258673,-13.248281475349954,4.620189220555256,25.208330474105026
2001-11-03,-25.757698318772313,-13.873841462453766,5.908744205900463,24.150537401050286
2001-11-04,-24.416282939014458,-13.558892747798867,5.258693341373027,24.70327191875453
2001-11-05,-23.10567064430583,-14.195410545630812,5.425817888739532,24.09376072697902
2001-11-06,-23.489037595939518,-14.034906835209256,6.800829956283467,25.96668120658859
2001-11-07,-24.395302926736747,-15.0352269428135,7.495673386379277,25.67326311447052
2001-11-08,-25.5242062729471,-16.282294133985232,6.675247509872086,23.885403494699048
2001-11-09,-28.071296012472096,-15.536968342215456,7.26112692068558,23.48874062890314
2001-11-10,-27.061352172109352,-12.92345522467376,6.740630181526019,22.915349483884466
2001-11-11,-26.921509470634184,-12.055309197070416,5.140445177575961,22.818513651333586
2001-11-12,-24.97695731591229,-12.647979542289775,5.669310011028487,24.5859873820086
2001-11-13,-25.205551126774637,-10.919063241407954,5.521904409669052,23.920511844505207
2001-11-14,-24.06685497334036,-9.973620505686991,4.694007816972957,24.851184511988325
2001-11-15,-25.490391228942133,-9.915172089491168,4.907366252562839,25.23415611421186
2001-11-16,-25.157911556281903,-10.873187007188124,5.826642972613033,25.619775229994612
2001-11-17,-23.21823899698762,-9.86304330634185,6.618003829137514,24.40950621415424
2001-11-18,-22.052166469410597,-10.353281253389545,7.024365570911385,25.90251825065716
2001-11-19,-23.88421212920203,-10.440185972624578,4.510241443389701,27.206471661341325
2001-11-20,-22.109601670892,-12.352887756096656,4.7797430254879,28.108526174201927
2001-11-21,-22.65401363329875,-11.918906229369277,5.8584522987929155,26.975878438372277
2001-11-22,-22.91570947292507,-12.937703958217002,6.177798767324412,26.6148185111765
2001-11-23,-22.53534301837902,-12.864151064039415,7.64158348049204,27.445068487587818
2001-11-24,-23.555439625066647,-12.003196565595863,7.543904634266104,26.440605669702695
2001-11-25,-23.9302671813588,-11.946027763137707,6.873098307047205,26.713277822288262
2001-11-26,-25.450815179245488,-12.79859835520528,6.847915562968804,25.182665409572195
2001-11-27,-26.12860883904399,-12.864616783408128,7.611679101963054,23.547347535899878
2001-11-28,-25.220293932867822,-11.65067264634584,7.547018070594648,22.304551061551326
2001-11-29,-26.39849753138382,-11.348542395717553,7.033251505180821,22.37079224181053
2001-11-30,-25.782008799250935,-10.924085560660748,8.105092471971638,21.61005757666578
2001-12-01,-24.13385756753764,-13.13098233802442,8.128375266075148,21.62595807884181
2001-12-02,-24.260924683255634,-14.175489718025785,8.29792707388645,21.817312921386684
2001-12-03,-24.53223211482067,-15.062223379467394,8.024039504234718,22.686989388194604
2001-12-04,-23.83968373528638,-15.2113286029431,9.02692923677353,21.57112203535001
2001-12-05,-25.929927185126292,-15.18257172463085,8.562521441117642,22.286027380936403
2001-12-06,-25.146614367356246,-15.669495285074326,8.41186800026389,21.431230901144957
2001-12-07,-26.743196882694388,-15.670582459216226,9.002444872346198,20.018462700499583
2001-12-08,-26.69000690069849,-13.949809805093546,10.020979161206302,19.99033521164935
2001-12-09,-27.563141339349063,-12.534713966391049,9.974941286249322,20.44909015268252
2001-12-10,-27.190816526724856,-13.020121717737858,10.189609757815903,21.30059052487573
2001-12-11,-25.957477169262724,-12.44809644348452,10.549059294880983,20.354897952383215
2001-12-12,-27.01740577088491,-11.106212807452488,10.279260201791788,20.536391037064927
2001-12-13,-28.184602039004357,-13.126472991371138,9.134393241155168,19.043585296223753
2001-12-14,-27.42171992574075,-11.863650912135027,9.218964026762393,18.793097048063487
2001-12-15,-26.86376322089485,-12.411355607310002,8.98545681613454,17.83401252990334
2001-12-16,-26.749476022455834,-14.07268347724306,8.076803125775578,17.433552243516836
2001-12-17,-25.779822440784386,-14.683198986259871,7.101116463163786,18.01315319732588
2001-12-18,-27.44463353854835,-14.560424177239328,7.179203321867658,19.493662847151015
2001-12-19,-28.11337394376554,-15.261194471113676,6.921595898080791,20.1134092784003
2001-12-20,-27.39511604905244,-13.621930233856697,5.664002459992586,20.037712311696318
2001-12-21,-26.78869902026662,-14.78873305253913,4.095433381836293,20.831055560413784
2001-12-22,-26.367867694264078,-13.91917930908298,2.800570582011625,23.065630181732104
2001-12-23,-26.530792382033457,-14.136314887408643,3.639587538113936,24.4074496427029
2001-12-24,-27.657546318409658,-14.02934927909968,4.736682964613766,22.759606605980395
2001-12-25,-28.254958543245177,-14.77568156316584,3.429922668459037,23.92246690844541
2001-12-26,-29.108023866798117,-14.332998643024222,3.075747282461483,23.949615063316102
2001-12-27,-28.250789841350535,-13.594734162334781,1.4196718292930577,22.435298034748484
2001-12-28,-26.101704709000444,-14.899513955212013,2.128385764443858,21.076935993476877
2001-12-29,-25.46969821926082,-16.34717522546646,1.7462301827166145,21.370768278632397
2001-12-30,-25.7257569624289,-15.828897460289888,3.4141294649381315,21.49703292813219
2001-12-31,-23.499504607189373,-15.131356416847341,2.9954433210057587,22.34242406846691
2002-01-01,-24.278906669653136,-16.605910945630235,4.977421174170599,22.82065396286646
2002-01-02,-25.101582103162862,-15.388793972799247,5.487234907499754,21.228232148234266
2002-01-03,-24.716239678306522,-15.241631910002338,6.484671205063381,22.644460165821116
2002-01-04,-25.036486416734885,-14.370232543297108,8.07164134843215,22.24040282958074
2002-01-05,-24.655084288849515,-13.593564826321526,10.53699451620146,23.170464636214955
2002-01-06,-24.583662537923733,-12.297810750912644,10.555820349291881,23.19867521214186
2002-01-07,-25.724547913639483,-12.562495832957186,11.749141053390519,22.926430567382653
2002-01-08,-26.551212923348224,-12.911657164776841,13.781522933550232,22.92829233311743
2002-01-09,-25.89613080008448,-12.59044876274039,14.803895666327675,23.49787584763545
2002-01-10,-27.540403375746997,-11.882265146542743,15.128421055223543,23.250019842002622
2002-01-11,-26.78938674515179,-11.83476015181815,14.542813904304081,24.90267210933637
2002-01-12,-26.63715369693561,-11.677850704795999,12.88763058358612,23.933379433582747
2002-01-13,-26.545782166268687,-10.844253832590285,11.032950429789103,24.082607075020555
2002-01-14,-26.592107657375475,-10.544016424178766,9.53524425708674,24.872634874501514
2002-01-15,-26.057676720450132,-11.92461094767617,9.208674696392016,24.56848536912642
2002-01-16,-25.889060690792395,-11.74554617334423,9.580973234845484,24.98562611914962
2002-01-17,-27.564765355539645,-10.87656443330756,8.622230016943863,23.60415083580497
2002-01-18,-27.97384417734738,-10.915901456767976,9.699879859587739,24.30823985292295
2002-01-19,-28.372654869278353,-12.425913954162677,9.366496768548924,26.45923888904238
2002-01-20,-30.538400619814688,-13.228685883944461,11.649635257191248,27.361046051083658
2002-01-21,-30.759631441429683,-13.52226507156626,12.180996869095813,27.06084903248439
2002-01-22,-30.692560063488532,-13.33457585416253,12.80234349172784,27.42519983354419
2002-01-23,-30.00873459822995,-12.951968055675229,12.842349197806234,28.174078245979874
2002-01-24,-29.812367295232505,-12.686289217135412,14.585044283687145,28.50366747599482
2002-01-25,-30.828173236741566,-12.617006160548467,13.408478309539444,28.87275343908193
2002-01-26,-30.795320008339825,-11.321376462678217,13.037542377122719,28.162209298108614
2002-01-27,-30.663455797290094,-13.081015770634378,12.854478598037444,28.42009723525453
2002-01-28,-30.155144652497793,-11.572438061532715,14.376433780347924,27.26850721444208
2002-01-29,-31.063734267783648,-12.77126111234182,15.109442050901368,28.673692123336114
2002-01-30,-30.413890447408964,-13.134412804973076,15.84229987767535,29.465078802954814
2002-01-31,-31.316409922113507,-13.890563446635968,15.124401087472727,29.42667043649669
2002-02-01,-31.979620277413183,-13.353744114431043,14.610356301168002,28.56481249583261
2002-02-02,-33.81335035897749,-12.148705676563921,15.455844911005707,28.69454366903753
2002-02-03,-33.37017601089057,-11.775185524355308,14.533771285659126,30.12038199683959
2002-02-04,-34.09068212126283,-11.55218236085471,15.42976923351695,31.09621896404735
2002-02-05,-32.08429086029682,-10.561310798855203,14.970429693430386,30.98460125435193
2002-02-06,-32.20963771830601,-11.029795571888148,14.744883269259379,31.13913319429901
2002-02-07,-33.41435517962616,-12.746954517605989,14.518869407377087,29.90829714328421
2002-02-08,-33.3333379496242,-12.420836419091426,15.331477255854033,30.216847015145106
2002-02-09,-31.882253790151065,-12.266513431151527,14.859968587652698,32.14764472824151
2002-02-10,-31.35807837502191,-11.248249447471046,13.330449662567151,32.20230976436335
2002-02-11,-30.340489261997433,-10.377962770407114,12.94282649263782,32.03057609412621
2002-02-12,-29.811350857349208,-11.448264819937389,12.918435677101423,32.078569514565245
2002-02-13,-28.761539247997185,-11.947220377781093,13.30295884569572,31.36325550878191
2002-02-14,-27.75913670138514,-11.922767133820782,14.250896932394767,31.06152803543855
2002-02-15,-28.022979519929684,-13.400768547166058,14.589630046314292,31.126181127689303
2002-02-16,-29.268626308413573,-11.830205965002119,14.969167658351138,30.80493224814051
2002-02-17,-28.595537043981587,-11.715172464956156,15.877745146507428,32.35284792453699
2002-02-18,-28.72261984958414,-11.584887656989746,16.701568159855256,31.448918658749918
2002-02-19,-29.17136821238497,-12.575470282124273,17.809954474360072,30.075738158880004
2002-02-20,-28.422802547776488,-12.475154750583542,16.647762879368745,30.36018977193541
2002-02-21,-28.694964928910476,-14.152204734858168,18.43121588413718,31.069560456699378
2002-02-22,-28.702244164459763,-14.175233316499456,19.415840925527867,28.879531815161485
2002-02-23,-28.413110075083562,-15.893375434975031,19.65317537248527,29.38440545810416
2002-02-24,-28.52994086850461,-16.25512888559356,18.91805703158603,31.089736952571077
2002-02-25,-27.864539436715734,-15.836573453990727,18.587926175542478,30.846957983417706
2002-02-26,-28.92683105561529,-15.402200530831324,17.68888157492552,32.2193436693574
2002-02-27,-28.52112702674455,-14.948667886391014,18.108079219417,32.85542430866631
2002-02-28,-28.032899891807684,-15.710057306886794,18.418896658721554,33.398147204062745
2002-03-01,-25.73409654216285,-15.831978445927604,19.56164492200693,31.042639573562315
2002-03-02,-24.914400009451363,-15.646118290584335,18.91414084991132,30.718729426572782
2002-03-03,-22.90066157356887,-14.460262862595231,18.996003820580242,32.36362640798298
2002-03-04,-23.642424647221453,-14.030271444124267,19.05910666331145,31.70709691825931
2002-03-05,-24.906338756033378,-14.593806268630818,20.640562767097066,29.632367861114325
2002-03-06,-23.77410389413958,-15.00466735944681,21.36293107406474,30.775180976384306
2002-03-07,-24.314221589084745,-15.52388040778322,22.42054826839613,31.85391111929008
2002-03-08,-23.185143806486494,-16.867039491103245,22.43932337396203,32.649777248076276
2002-03-09,-23.493042554624296,-16.68094022058585,23.194618007671345,32.59391384933661
2002-03-10,-20.822189699008128,-17.090400122960816,23.446703908580055,31.815826772513997
2002-03-11,-19.619986150472688,-17.854329369216025,23.674876727844563,31.52760433955958
2002-03-12,-21.277764251825467,-17.32901870407529,24.466581802598682,31.37763624446137
2002-03-13,-21.006804309157125,-16.664495701927585,25.689229360861287,31.570070540897607
2002-03-14,-19.241295688637816,-15.0525652590834,25.22564114101155,31.0397393675637
2002-03-15,-19.981938970286215,-15.069779520613203,25.52208598803275,31.29135167669008
2002-03-16,-19.73453908444357,-14.025649176661176,24.49411714863887,31.88834856453162
2002-03-17,-19.14319157182701,-14.940883102347467,25.036787982806235,30.899400217580002
2002-03-18,-19.21191646596524,-15.23797938430223,25.474070450049446,29.64868505026229
2002-03-19,-19.7974995249892,-15.937834078803206,26.791032491578267,28.792305660718192
2002-03-20,-20.338131000576826,-15.868894216837033,27.167397911642976,29.813553403829438
2002-03-21,-20.248461363944273,-14.336301728069596,28.023298682644572,30.44494054799057
2002-03-22,-19.248109431519506,-15.362008535955859,28.22183947887751,31.742223192818994
2002-03-23,-21.096272505978,-14.437088137773225,27.41376322447102,31.08666106937255
2002-03-24,-21.363434038672864,-15.23894494945233,28.363209758028596,31.281603240202447
2002-03-25,-21.6595952231943,-15.668432001113562,28.236043183640863,32.68466579289389
2002-03-26,-21.7439451917913,-14.571865150136691,28.736563815506784,34.18939556871612
2002-03-27,-22.0319080929042,-13.68829978255579,29.234856907302195,35.268802848188635
2002-03-28,-20.54601091175013,-13.979033139949534,29.458038287096674,34.13836262812144
2002-03-29,-19.69996228811307,-14.1813358641263,28.10165036644594,34.81571994519633
2002-03-30,-19.104906000893635,-13.93821126320767,30.10326095005083,34.88184444261822
2002-03-31,-20.005398630019,-15.414274290618721,29.856586801444898,33.147872925690976
2002-04-01,-21.135014459871936,-14.43042987216676,31.1573335799613,30.659859313100302
2002-04-02,-21.71588149199119,-15.027796910083392,29.24575208871715,31.055976424745513
2002-04-03,-21.540501435396695,-14.819976583658482,30.27531140356257,30.156313362608337
2002-04-04,-22.46248818149936,-14.738772588388874,29.15537171144068,31.000022069912355
2002-04-05,-21.319433411211545,-14.398823855854326,29.079922538295733,31.627269265146957
2002-04-06,-19.50197242284337,-14.522960541191674,27.821960062260327,30.821542011363533
2002-04-07,-19.42228877321444,-15.124570837238902,27.67405800316036,30.523357337456027
2002-04-08,-20.38924621258562,-13.249031246508093,26.577497843013045,30.964742478635912
2002-04-09,-19.877715811940465,-12.526596684592912,25.539477509467357,31.53342165379131
2002-04-10,-19.266438246401332,-10.971215911954891,28.18645598377509,31.74845749487014
2002-04-11,-21.10423981397892,-10.345475999330311,27.21125789486092,31.29354153014675
2002-04-12,-21.640465370657672,-8.883767464856469,26.752091884416476,30.79899119657205
2002-04-13,-22.569044489825668,-8.712687202264254,27.006800601999625,30.614765814095453
2002-04-14,-21.78921943140643,-8.639017080543208,27.67675440233597,31.353716551776525
2002-04-15,-21.95411589690392,-9.280821614571861,27.220017893986338,30.50828802729676
2002-04-16,-22.526365336003934,-8.327034139823711,26.951981680774885,31.284594565009282
2002-04-17,-22.774916974526207,-8.722461721318052,27.462647684342425,29.78049233136753
2002-04-18,-22.485354306155358,-9.583818874448847,27.935013377908604,30.788377810688086
2002-04-19,-23.204856243233706,-8.644449562804066,27.67176207881893,30.79799941309773
2002-04-20,-23.820721393096758,-7.96251882126574,27.85672700519015,30.48904122074046
2002-04-21,-23.27464382565168,-9.454857191912623,29.184384362569055,30.795363668169475
2002-04-22,-23.97545672713762,-9.226786722677122,29.76773060704805,32.31601133389804
2002-04-23,-22.67004736765866,-9.440806470572433,30.03882052166448,31.64888007520711
2002-04-24,-23.44369734187045,-10.517486841607006,31.94966764211904,31.96061945471448
2002-04-25,-23.040925560698035,-9.93359908152781,31.013215754905943,31.366229294242014
2002-04-26,-25.139645942219502,-11.704098096264682,31.484916040146985,30.517374444849445
2002-04-27,-25.33691368896663,-11.302557031094054,30.600590719570498,30.283440049403094
2002-04-28,-26.052639088363733,-9.931537972558736,28.98224463316592,29.66929687194013
2002-04-29,-26.448539154417674,-8.49858662782153,28.63593884626374,31.429328649238876
2002-04-30,-26.90711180369329,-6.772370945280198,28.612377050770093,31.561851080379544
2002-05-01,-26.703672103398386,-4.072803751491839,29.20500018017744,31.196902720607607
2002-05-02,-26.052125159096608,-2.97985019714854,28.535699306757426,32.95876134752477
2002-05-03,-27.401758703595302,-1.4741240016214179,29.16453437101463,33.366340120592234
2002-05-04,-28.25722282473962,-3.567296854387843,29.206854780681212,33.18706717604277
2002-05-05,-26.657196461660156,-4.359496094254827,27.259840141229827,33.064483584614514
2002-05-06,-27.019057481426195,-5.5159437004994665,27.87442473510353,32.6224871796544
2002-05-07,-26.358386005246672,-5.538836075434446,27.414977618032527,31.082161245726358
2002-05-08,-26.29174398891968,-5.868378919597596,26.978688592417647,29.913270534811105
2002-05-09,-24.765132740832993,-7.261203631925052,28.361177779970422,29.64794003561146
2002-05-10,-24.63683597887395,-6.601215532509301,28.9672858574961,29.173108980554264
2002-05-11,-24.20448054703383,-6.407277140144829,30.036935418587866,28.28911754237923
2002-05-12,-23.92128190642959,-7.438743358886047,30.48590221106057,29.209996994752718
2002-05-13,-22.507911964857744,-7.366913662858967,31.527731434535646,27.99579474579153
2002-05-14,-21.673594078461957,-7.440032899966857,31.57379744310996,27.877888477398557
2002-05-15,-22.055784117952413,-7.988482733218225,30.829603300366955,27.559445641748557
2002-05-16,-23.58994289097831,-9.684447043503933,30.64663198502081,26.97361407051537
2002-05-17,-23.909535203509698,-8.652366896506662,31.36211079963707,27.520067828305294
2002-05-18,-24.17563553103458,-10.395532742771765,31.412072947829607,25.709757651046953
2002-05-19,-23.7158779947002,-10.823469492897521,30.923003819665123,26.445004397213875
2002-05-20,-23.635086860455257,-12.722871636541134,30.69294149216444,27.164645601931227
2002-05-21,-23.196163668412837,-13.280274641762833,30.34556944489095,28.90616003782239
2002-05-22,-23.901500231588507,-12.830367286968418,30.313843410519993,30.547775650822114
2002-05-23,-23.928704400216134,-12.739052185226614,31.02213622875729,32.18182716224417
2002-05-24,-24.140096503221685,-12.054827467801282,32.09667122572559,32.0375541583244
2002-05-25,-24.23896548203034,-12.241251497805353,32.94147553464838,32.28696573243607
2002-05-26,-22.880912413128584,-11.933849336049642,33.557778817622555,31.623645941361595
2002-05-27,-22.50695594971616,-13.376959180653078,33.302097285825546,33.15056657799643
2002-05-28,-23.527160210566738,-13.514614394443452,32.773978354000185,33.595045896327
2002-05-29,-24.729391579164414,-15.136598226096321,33.44508487129943,34.58988627281295
2002-05-30,-25.699802968790387,-14.578015523529249,35.41765502072476,33.784772560358164
2002-05-31,-24.417272590955154,-13.678330284711782,34.85183801111103,33.45192215695727
2002-06-01,-25.61329889444394,-14.63077487312285,35.10926510247695,34.947912235714135
2002-06-02,-24.97579145813265,-13.723599931704799,34.51279364704546,34.62275133108443
2002-06-03,-24.81894698833715,-15.15139007259857,35.58396180568737,35.8469899408196
2002-06-04,-23.90154309345858,-14.60902646879589,36.410030841455196,38.427761348692215
2002-06-05,-23.149196412806212,-15.845738523558527,34.93319571392732,37.36229032045288
2002-06-06,-23.883795569649422,-16.206146788100504,32.69151643878396,35.26705501311343
2002-06-07,-27.022052998720078,-16.36380796468766,32.47779080699757,34.60555914768764
2002-06-08,-27.826682251357,-14.431786645811243,31.856640928803763,35.71425810727209
2002-06-09,-27.101576144082014,-15.011242946281111,30.488567880088702,33.76106961086355
2002-06-10,-26.212354986331526,-15.07086852580082,31.821091621912412,33.272561443047174
2002-06-11,-27.54357615785476,-16.366110649960916,30.642140538725517,32.77405886220789
2002-06-12,-27.929419753093047,-17.878238398011785,30.485362942455804,32.451053358029235
2002-06-13,-27.266052939139225,-17.776623685716608,28.850246390831206,33.470600796221845
2002-06-14,-27.620273646230274,-20.366129726716864,29.72439685881834,32.912663185811276
2002-06-15,-27.409634863339097,-19.17343855212482,30.487710984443027,33.18454967127213
2002-06-16,-28.030567194620517,-18.66454041448503,30.30480252298361,34.4303673219821
2002-06-17,-26.043525509036023,-19.107248904951334,30.458639829314414,33.24817603719964
2002-06-18,-26.62292921562089,-19.817298535817415,31.2487687822241,32.46161564828158
2002-06-19,-26.037904466672646,-21.787335282199024,31.01540932458151,32.69929412097926
2002-06-20,-25.320346334089134,-22.707982126555493,30.879842361244037,32.58954679112256
2002-06-21,-24.968089716563174,-23.80217528114592,30.87204511876655,32.958037478610855
2002-06-22,-26.094549076084455,-23.06766089869227,31.146443785717587,33.533432097481565
2002-06-23,-23.27173849782323,-22.612858490057548,30.386853945734753,35.55352099172012
2002-06-24,-23.02072222849449,-23.10950049927968,29.429864641938334,36.5702049490391
2002-06-25,-21.605906775083277,-23.517832707057362,29.31209032640463,37.58859643293517
2002-06-26,-23.323479499679515,-23.475995822751873,28.627745042603035,39.327410315830434
2002-06-27,-25.0682827144548,-23.159837686919573,29.49273067653832,40.75784615309176
2002-06-28,-26.731962795071286,-23.661297444264918,30.717475004400306,41.669046741879264
2002-06-29,-26.069333880762446,-22.604730781709563,30.020483231428457,41.305088024419355
2002-06-30,-26.552591349170154,-21.614995439549947,30.70576170040766,43.23083928749001
2002-07-01,-24.872257390422938,-21.51119242791803,29.45318974676756,42.84995196026615
2002-07-02,-24.97197592583107,-20.687844140404444,29.542664665262823,43.11637841739351
2002-07-03,-26.720979372983564,-22.449354338024367,28.92084057339625,43.170355305904046
2002-07-04,-28.58525142959996,-21.6697435192017,28.58517360427876,43.621223758433835
2002-07-05,-28.009696160191353,-21.139266440903068,30.495352867905922,43.70497010873273
2002-07-06,-30.382874529599327,-19.263232233455817,30.949953379694193,43.72539092484849
2002-07-07,-29.81576025519779,-19.01187265316063,31.192239136156285,43.434974972666055
2002-07-08,-29.940128653670467,-19.087542141332886,30.419800047505444,42.309244231988494
2002-07-09,-31.340082654458897,-21.271808549486185,31.321847803000182,44.46145041954627
2002-07-10,-28.103745229412667,-20.194247063731204,31.598638996821304,45.26115899594424
2002-07-11,-28.549454196819323,-21.018552675816874,30.824485869465843,44.832172569122335
2002-07-12,-29.15683747979475,-18.635716913760387,30.22982559078381,43.63487882807758
2002-07-13,-30.410541120509397,-19.866961065896774,29.50136777888079,44.587729501983084
2002-07-14,-29.408380501168175,-21.26402790004779,30.086857049253233,43.86374821922261
2002-07-15,-29.30153314763223,-20.362701302744497,29.51683273726166,43.73392091482075
2002-07-16,-28.103980825810204,-18.878138260573618,31.011787360061376,44.30181473283345
2002-07-17,-29.35381575366934,-18.9085062651531,31.336075834213943,43.00778519569903
2002-07-18,-27.580833553769942,-19.377531886965215,31.339978145009706,43.47096600514777
2002-07-19,-28.2549655951248,-20.13328963339462,31.1301310938365,43.755790488893425
2002-07-20,-27.961527703239803,-18.795843300050755,29.882071117325644,43.845555383489405
2002-07-21,-28.082548885240907,-19.32618265371411,29.703715054256104,44.15707380579976
2002-07-22,-27.25678636523632,-19.165654227374432,30.973167553909526,44.90332475211835
2002-07-23,-25.376713617011205,-18.68876968877136,33.02164459168411,43.299607869536636
2002-07-24,-24.925952688118112,-17.308815916197872,30.714326993576265,42.123190111404504
2002-07-25,-25.5727066346518,-18.67453995280624,29.993659580987934,41.53284782253069
2002-07-26,-26.626885427981282,-16.787525783640465,28.915510434603277,42.275067679017994
2002-07-27,-25.707158904307878,-17.38288611635837,29.530222108752287,40.51311950197359
2002-07-28,-25.63566234570724,-18.63732656537153,30.142815332957138,40.96151909053717
2002-07-29,-25.234239578855057,-18.805449396010573,29.564437026581523,41.76480882208467
2002-07-30,-24.24810170179664,-16.469096564456017,30.28304057195157,41.65212220347757
2002-07-31,-24.74263500792168,-15.499953876633835,30.40696441370185,40.03124151348901
2002-08-01,-26.268726457898424,-15.491420567683097,28.30348017754633,39.95818902124128
2002-08-02,-27.112213839414558,-14.932045386313549,29.575742028777466,38.14127906718611
2002-08-03,-27.022019569737495,-14.333637368298715,29.171798297594535,37.79041784062703
2002-08-04,-26.925435245950812,-14.884648069113386,29.697245457222774,37.964506920767285
2002-08-05,-29.196106466684665,-15.620519798512074,28.85602513211725,38.05642414968722
2002-08-06,-29.668771417051644,-18.185070331571016,28.82313204351435,39.27984199476444
2002-08-07,-29.539848736086718,-18.290971509890685,30.398151612084966,39.147725423695256
2002-08-08,-29.78700362953551,-17.174755083938592,28.920832223473738,39.199993686191476
2002-08-09,-29.21135899375764,-17.11276076482658,29.311231883139456,39.2802448683943
2002-08-10,-30.187632918068687,-16.833332906802184,30.207094931757393,37.978844455637315
2002-08-11,-29.583052644066125,-15.726959100751113,29.81677999328775,38.70564787685478
2002-08-12,-28.82094528561446,-15.800276765140087,30.545510220451956,38.14325647829575
2002-08-13,-27.385097359194972,-16.471922764481132,30.500298382654115,37.49080177571038
2002-08-14,-28.357029231871437,-16.950956194492875,30.836242282994412,37.85469128333195
2002-08-15,-27.699274866088242,-17.59723043654664,30.520783915253837,38.61650103374864
2002-08-16,-26.359094530115065,-18.24408258189383,30.085643326050732,39.66046889350252
2002-08-17,-24.16882461962782,-17.33918710374625,31.64733611368245,40.38803195020479
2002-08-18,-22.716264885779044,-16.289061970441555,29.848855506156852,39.626406858110386
2002-08-19,-22.81826493163278,-17.14171702269551,29.468041555746424,39.98040615146754
2002-08-20,-21.972758742164547,-18.472374873366896,28.730316067865903,41.32673593287675
2002-08-21,-22.2664478443476,-15.939199264538349,28.930663652736115,42.15233414408281
2002-08-22,-21.910233592800882,-16.068768448222386,29.77203163541446,42.42590590235262
2002-08-23,-22.00208010506672,-16.141016737153056,31.10213130936346,42.618235520459656
2002-08-24,-22.02853578355257,-16.03705898588041,30.846959319253834,43.17241263257256
2002-08-25,-23.14226213875643,-15.649354199589766,30.11585751363375,44.88752955428967
2002-08-26,-22.93538838458099,-16.985515976933954,29.631419500423355,45.11246079285091
2002-08-27,-24.143368486260407,-15.910429683360153,29.849948926507697,46.31035945670372
2002-08-28,-24.666385123484964,-16.651490196858745,29.69434000557554,46.56812249931593
2002-08-29,-24.33906700363086,-17.681261772205286,31.19798815710864,47.03212764377877
2002-08-30,-27.071847073662692,-18.304802117536102,33.399731305427316,47.492129592599646
2002-08-31,-26.941911343809085,-20.08954557121327,32.84242190524745,48.080338254683284
2002-09-01,-27.839412874063576,-18.813350928619112,30.87115732868613,47.611814387893034
2002-09-02,-27.752543553851076,-21.24874516783493,32.56395502055286,48.03446831218687
2002-09-03,-28.773259421129787,-21.100304607302387,32.238156438969405,49.170370377939335
2002-09-04,-29.148234609749135,-21.929109233949873,31.91444753098497,49.96289597005622
2002-09-05,-30.37589950412018,-21.51913913961753,30.057164268434878,49.80045825445152
2002-09-06,-30.004544998291024,-21.35238577234059,31.79547061638971,50.19318820499343
2002-09-07,-29.986273444571292,-20.035992754744004,31.62226849730985,50.41613479021406
2002-09-08,-31.87808477512092,-20.745470045170403,32.218045790838715,50.57832485597841
2002-09-09,-32.07700698665719,-21.821105552251503,33.53848267912497,51.50142539013473
2002-09-10,-32.04257048765342,-20.57418983468356,34.488144656659024,52.53102602569339
2002-09-11,-32.99531713919876,-22.757391123217996,32.3333115950098,52.96713092442686
2002-09-12,-33.497376091460374,-21.318797735051458,31.5914962159673,53.57650285326157
2002-09-13,-33.94868927466417,-20.475792827804636,29.76861347161462,53.671818739088486
2002-09-14,-34.68803171658918,-21.751920056304233,29.162941506493485,54.01391866605475
2002-09-15,-34.94084950489472,-20.69062087021145,30.649353269993817,53.910354200212936
2002-09-16,-36.947031960927404,-21.087714224801974,29.6641593514604,53.91525695367097
2002-09-17,-37.95670220031425,-19.803563188401558,29.19382401151979,54.2306018172329
2002-09-18,-37.074789056501785,-19.361535281946605,29.223105147597042,54.474000129349605
2002-09-19,-37.2851441142673,-18.09131681828509,30.351185203704993,53.510313056689924
2002-09-20,-38.19745933211013,-16.941876270282982,29.317093883303276,54.424476795335096
2002-09-21,-40.34876454892051,-17.48594185727435,29.493828529797618,53.65010295222571
2002-09-22,-40.84684894761369,-17.01603474665698,28.087305044406545,54.21861755764377
2002-09-23,-41.20533923073556,-16.89474173965264,30.340681421412768,55.24963420761237
2002-09-24,-41.01754125054611,-15.632489377192318,28.804863262298177,55.81906455160689
2002-09-25,-39.916779400047965,-16.98241211299709,29.1438642399369,55.80464391754211
2002-09-26,-40.565845580526656,-16.816478138810005,30.289638229573683,56.08343397589314
